K,NDCG,MAP,Recall,Precision
1,0.00656,0.00067,0.00067,0.00656
5,0.00708,0.00198,0.00362,0.00709
10,0.00759,0.00266,0.00728,0.00684
50,0.0169,0.00426,0.0316,0.00522
100,0.02511,0.00499,0.05837,0.0046
