K,NDCG,MAP,Recall,Precision
1,0.0591,0.01154,0.01154,0.0591
5,0.05088,0.02159,0.03525,0.04016
10,0.0514,0.02459,0.05086,0.03064
50,0.06948,0.02892,0.10687,0.01395
100,0.07892,0.02986,0.1393,0.00928
