K,NDCG,MAP,Recall,Precision
1,0.17356,0.02494,0.02494,0.17356
5,0.13683,0.05196,0.08558,0.11501
10,0.12717,0.05786,0.11641,0.07874
50,0.15185,0.06354,0.18682,0.02573
100,0.1597,0.06426,0.21245,0.01472
