K,NDCG,MAP,Recall,Precision
1,0.00566,0.00066,0.00066,0.00566
5,0.00605,0.00185,0.00362,0.00597
10,0.00707,0.0026,0.00774,0.00597
50,0.01637,0.00426,0.03221,0.00471
100,0.02355,0.00494,0.05619,0.00401
