K,NDCG,MAP,Recall,Precision
1,0.00661,0.00117,0.00117,0.00661
5,0.00616,0.00224,0.0042,0.00513
10,0.00678,0.0027,0.00737,0.0045
50,0.0119,0.00346,0.02267,0.00295
100,0.01604,0.00372,0.03712,0.00247
